INSERT INTO mainlib.readers (id, surname, name, date_of_birth, address)
VALUES
(3, 'Семенюк', 'Виктор', '1981-10-17','ул. Северная, 31'),
(4, 'Яременко', 'Егор', '1943-2-24','ул. Парковая, 170'),
(5, 'Ткачук', 'Иван', '1992-11-16','ул. Первомайская, 93'),
(6, 'Костюк', 'Константин', '2003-6-3','ул. Парковая, 122'),
(7, 'Сердюк', 'Олег', '1931-12-14','ул. Речная, 78'),
(8, 'Ткачук', 'Роман', '1954-11-27','ул. Школьная, 148'),
(9, 'Ткачук', 'Кирилл', '1991-8-13','ул. Речная, 21'),
(10, 'Кравченко', 'Георгий', '1967-7-25','ул. Калинина, 158'),
(11, 'Гордиенко', 'Михаил', '1955-10-25','ул. Луговая, 17'),
(12, 'Гордиенко', 'Татьяна', '1978-7-13','ул. Южная, 178'),
(13, 'Ткачук', 'Екатерина', '1954-3-11','ул. Западная, 26'),
(14, 'Демчук', 'Вероника', '1986-7-5','ул. Кирова, 66'),
(15, 'Бондаренко', 'Мария', '1956-5-9','ул. Комсомольская, 18'),
(16, 'Рябчук', 'Сергей', '1958-4-7','ул. Южная, 183'),
(17, 'Горбатюк', 'Маргарита', '2008-5-24','ул. Калинина, 109'),
(18, 'Бондаренко', 'Алина', '1957-3-4','ул. Гагарина, 15'),
(19, 'Мельник', 'Дарья', '1996-12-3','ул. Победы, 194'),
(20, 'Панасюк', 'Мария', '1966-4-14','ул. Восточная, 186'),
(21, 'Романюк', 'Ирина', '1938-5-11','ул. Ленина, 180'),
(22, 'Ткачук', 'Федор', '1985-2-19','ул. Заводская, 119'),
(23, 'Сидорчук', 'Егор', '1927-1-24','ул. Мира, 84'),
(24, 'Рябчук', 'Роман', '1951-2-25','ул. Первомайская, 189'),
(25, 'Шевчук', 'Наталья', '1944-3-28','ул. Цветочная, 15'),
(26, 'Лисенко', 'Павел', '1963-2-22','ул. Мира, 62'),
(27, 'Лисенко', 'Маргарита', '1978-5-10','ул. Карла Маркса, 142'),
(28, 'Сердюк', 'Ирина', '1970-9-9','ул. Полевая, 87'),
(29, 'Сердюк', 'Максим', '1990-1-19','ул. Полевая, 179'),
(30, 'Ковтун', 'Максим', '1944-12-13','ул. Южная, 140'),
(31, 'Дьячук', 'Юлия', '2009-8-1','ул. Солнечная, 165'),
(32, 'Шаповал', 'Юлия', '1923-4-21','ул. Пушкина, 128'),
(33, 'Ткачук', 'Егор', '1948-10-6','ул. Парковая, 122'),
(34, 'Дорошенко', 'Алиса', '1977-2-27','ул. Зелёная, 74'),
(35, 'Семенюк', 'Артем', '1974-2-25','ул. Северная, 5'),
(36, 'Зозуля', 'Анна', '1963-12-15','ул. Парковая, 29'),
(37, 'Бондарчук', 'Анна', '1942-11-25','ул. Берёзовая, 74'),
(38, 'Шаповал', 'Кирилл', '1945-6-11','ул. Молодежная, 20'),
(39, 'Бондаренко', 'Татьяна', '1946-12-19','ул. Полевая, 145'),
(40, 'Мельниченко', 'Владимир', '1991-4-26','ул. Ленина, 197'),
(41, 'Семенчук', 'Георгий', '1986-7-21','ул. Горького, 20'),
(42, 'Демчук', 'Анна', '1988-3-25','ул. Строителей, 47'),
(43, 'Горбатюк', 'Елена', '1948-4-5','ул. Спортивная, 56'),
(44, 'Левченко', 'Наталья', '1921-4-16','ул. Горького, 187'),
(45, 'Петренко', 'Елена', '2007-10-3','ул. Южная, 24'),
(46, 'Панасюк', 'Карина', '1929-1-19','ул. Чапаева, 180'),
(47, 'Дорошенко', 'София', '2002-11-18','ул. Новая, 125'),
(48, 'Петренко', 'Виктор', '1984-12-17','ул. Мира, 21'),
(49, 'Шевчук', 'Сергей', '1966-10-5','ул. Октябрьская, 117'),
(50, 'Онищенко', 'Павел', '1931-7-21','ул. Набережная, 95'),
(51, 'Лисенко', 'Максим', '1973-4-25','ул. Гагарина, 111'),
(52, 'Шаповал', 'Дмитрий', '1962-10-14','ул. Чапаева, 72'),
(53, 'Онищенко', 'Михаил', '1947-12-20','ул. Колхозная, 165'),
(54, 'Шаповал', 'Маргарита', '1986-7-27','ул. Чапаева, 55'),
(55, 'Панасюк', 'Максим', '1984-2-11','ул. Октябрьская, 26'),
(56, 'Савченко', 'Олег', '1945-11-28','ул. Рабочая, 67'),
(57, 'Лисенко', 'Алиса', '1925-8-17','ул. Берёзовая, 146'),
(58, 'Петрик', 'Дарья', '1924-4-25','ул. Западная, 138'),
(59, 'Бондаренко', 'Владимир', '1934-3-22','ул. Дружбы, 100'),
(60, 'Панасюк', 'Елена', '2008-7-16','ул. Парковая, 62'),
(61, 'Горбатюк', 'Кирилл', '1948-3-22','ул. Мира, 85'),
(62, 'Мельник', 'Дмитрий', '1975-6-17','ул. Комсомольская, 4'),
(63, 'Мельниченко', 'София', '1955-10-7','ул. Колхозная, 134'),
(64, 'Ткачук', 'Степан', '2001-2-23','ул. Парковая, 5'),
(65, 'Лисенко', 'Михаил', '1950-12-12','ул. Ленина, 30'),
(66, 'Полищук', 'Олег', '2006-5-18','ул. Южная, 152'),
(67, 'Романюк', 'Татьяна', '1958-7-5','ул. Школьная, 57'),
(68, 'Панасюк', 'Михаил', '1943-4-26','ул. Карла Маркса, 20'),
(69, 'Лисенко', 'Максим', '1991-9-21','ул. Восточная, 13'),
(70, 'Тимошенко', 'Евгения', '1983-8-18','ул. Победы, 100'),
(71, 'Ковальчук', 'Роман', '2000-10-28','ул. Зелёная, 194'),
(72, 'Литвиненко', 'Николай', '1960-12-19','ул. Луговая, 199'),
(73, 'Панасюк', 'Владимир', '1925-12-28','ул. Садовая, 122'),
(74, 'Гриценко', 'Анна', '1950-1-7','ул. Берёзовая, 104'),
(75, 'Кузьменко', 'Алексей', '1927-4-27','ул. Солнечная, 138'),
(76, 'Романюк', 'Олег', '1960-3-28','ул. Школьная, 69'),
(77, 'Гордиенко', 'Полина', '1983-6-1','ул. Рабочая, 139'),
(78, 'Захарчук', 'Полина', '1930-1-20','ул. Молодежная, 21'),
(79, 'Демчук', 'Николай', '1967-7-22','ул. Молодежная, 183'),
(80, 'Сидорчук', 'Андрей', '1976-1-3','ул. Луговая, 63'),
(81, 'Ковтун', 'Роман', '1977-5-23','ул. Гагарина, 27'),
(82, 'Лисенко', 'Роман', '1976-3-27','ул. Луговая, 105'),
(83, 'Рябчук', 'Лидия', '1989-10-26','ул. Набережная, 160'),
(84, 'Сидорчук', 'Егор', '2002-9-7','ул. Гагарина, 67'),
(85, 'Тимошенко', 'Алина', '1927-4-14','ул. Школьная, 116'),
(86, 'Левченко', 'Маргарита', '2007-4-20','ул. Западная, 37'),
(87, 'Костюк', 'София', '1944-4-23','ул. Дружбы, 33'),
(88, 'Зозуля', 'Анна', '1998-3-10','ул. Парковая, 12'),
(89, 'Тимошенко', 'Лидия', '1986-11-4','ул. Строителей, 26'),
(90, 'Яременко', 'Ксения', '1972-9-27','ул. Карла Маркса, 2'),
(91, 'Кравченко', 'Лидия', '1950-6-17','ул. Победы, 54'),
(92, 'Шевченко', 'Иван', '1992-9-13','ул. Октябрьская, 10'),
(93, 'Бондарчук', 'Роман', '2009-11-3','ул. Колхозная, 135'),
(94, 'Литвиненко', 'Юлия', '1979-4-27','ул. Комсомольская, 119'),
(95, 'Ткачук', 'Николай', '1951-3-17','ул. Весенняя, 151'),
(96, 'Марченко', 'София', '1983-3-16','ул. Луговая, 77'),
(97, 'Савченко', 'Егор', '1932-1-11','ул. Весенняя, 34'),
(98, 'Гордиенко', 'Полина', '1967-9-17','ул. Рабочая, 71'),
(99, 'Ковтун', 'Екатерина', '1978-10-27','ул. Центральная, 16'),
(100, 'Яременко', 'Алина', '1984-3-1','ул. Северная, 136'),
(101, 'Рябчук', 'Виктор', '2010-9-4','ул. Восточная, 57'),
(102, 'Савченко', 'Анна', '1989-12-15','ул. Западная, 32'),
(103, 'Дьячук', 'Анна', '1977-12-21','ул. Кирова, 198'),
(104, 'Марченко', 'Юлия', '1943-11-18','ул. Спортивная, 84'),
(105, 'Семенчук', 'Лидия', '1986-2-11','ул. Молодежная, 61'),
(106, 'Ковальчук', 'Ольга', '1945-1-5','ул. Калинина, 161'),
(107, 'Горбатюк', 'Константин', '1959-5-14','ул. Речная, 131'),
(108, 'Панасюк', 'Карина', '1943-4-21','ул. Набережная, 29'),
(109, 'Рябчук', 'Михаил', '1929-5-6','ул. Северная, 143'),
(110, 'Марченко', 'Евгения', '1932-3-16','ул. Калинина, 169'),
(111, 'Рябчук', 'Татьяна', '1993-1-13','ул. Первомайская, 153'),
(112, 'Сердюк', 'Дарья', '1981-5-10','ул. Дружбы, 37'),
(113, 'Петрик', 'Ксения', '1988-4-22','ул. Кирова, 77'),
(114, 'Дорошенко', 'Иван', '1978-1-4','ул. Центральная, 147'),
(115, 'Семенюк', 'Кирилл', '1942-10-8','ул. Карла Маркса, 124'),
(116, 'Бондаренко', 'Алиса', '2010-12-20','ул. Гагарина, 42'),
(117, 'Сидорчук', 'Полина', '1931-1-6','ул. Гагарина, 122'),
(118, 'Онищенко', 'Георгий', '2005-8-3','ул. Восточная, 64'),
(119, 'Шаповал', 'Вероника', '2010-7-11','ул. Мира, 24'),
(120, 'Панасюк', 'Олег', '1958-6-9','ул. Чапаева, 146'),
(121, 'Гриценко', 'Кирилл', '1950-6-4','ул. Заводская, 198'),
(122, 'Полищук', 'Федор', '1954-10-6','ул. Советская, 124'),
(123, 'Шаповал', 'Евгения', '1968-10-4','ул. Северная, 98'),
(124, 'Кравченко', 'Андрей', '1974-6-28','ул. Южная, 102'),
(125, 'Ковальчук', 'Татьяна', '1995-4-17','ул. Цветочная, 188'),
(126, 'Яременко', 'Ксения', '2005-5-18','ул. Берёзовая, 177'),
(127, 'Сидорчук', 'Георгий', '1953-1-13','ул. Цветочная, 39'),
(128, 'Тимошенко', 'Андрей', '1926-8-23','ул. Цветочная, 30'),
(129, 'Гаврилюк', 'Виктор', '1962-7-22','ул. Школьная, 151'),
(130, 'Горбатюк', 'Анна', '1946-1-4','ул. Мира, 124'),
(131, 'Полищук', 'Алиса', '1968-5-26','ул. Весенняя, 58'),
(132, 'Дорошенко', 'Наталья', '1982-4-18','ул. Ленина, 36'),
(133, 'Романюк', 'Дмитрий', '1949-3-16','ул. Берёзовая, 57'),
(134, 'Горбатюк', 'Евгения', '1992-9-10','ул. Калинина, 27'),
(135, 'Киричук', 'Алина', '1986-6-1','ул. Полевая, 166'),
(136, 'Семенюк', 'Полина', '1952-7-8','ул. Полевая, 166'),
(137, 'Тимошенко', 'Юлия', '1935-7-10','ул. Ленина, 22'),
(138, 'Ткачук', 'Иван', '1996-2-6','ул. Набережная, 61'),
(139, 'Онищенко', 'Степан', '1966-9-16','ул. Чапаева, 2'),
(140, 'Шаповал', 'Олег', '1964-11-12','ул. Калинина, 88'),
(141, 'Костюк', 'Карина', '1931-6-18','ул. Школьная, 49'),
(142, 'Марченко', 'Степан', '1928-8-12','ул. Калинина, 195'),
(143, 'Горбатюк', 'Федор', '1997-9-21','ул. Карла Маркса, 42'),
(144, 'Зозуля', 'Михаил', '1987-2-15','ул. Молодежная, 134'),
(145, 'Бондаренко', 'Маргарита', '1923-5-20','ул. Молодежная, 157'),
(146, 'Гаврилюк', 'Маргарита', '1988-2-10','ул. Западная, 185'),
(147, 'Романюк', 'Юлия', '1959-5-14','ул. Пушкина, 90'),
(148, 'Петрик', 'Степан', '1967-7-13','ул. Речная, 20'),
(149, 'Панасюк', 'Ксения', '1961-7-21','ул. Цветочная, 196'),
(150, 'Гриценко', 'Дмитрий', '1964-3-13','ул. Южная, 121'),
(151, 'Рябчук', 'Ксения', '1933-11-6','ул. Ленина, 108'),
(152, 'Ткачук', 'Артем', '1937-3-12','ул. Мира, 142'),
(153, 'Кузьменко', 'София', '1920-3-7','ул. Мира, 141');

INSERT INTO mainlib.books (cipher, author, genre, year, publishing_house, description)
VALUES
('M7902697', 'Чингиз Айтматов', 'Фантастика', 1954, 'Наука', 'Это книга'),
('A7271521', 'Евгений Замятин', 'Приключения', 1823, 'Лабиринт', 'Это книга'),
('M1306424', 'Валентин Распутин', 'Поэзия', 1902, 'Росмэн', 'Это книга'),
('T8828189', 'Федор Достоевский', 'Роман', 1962, 'Питер', 'Это книга'),
('A0497511', 'Дина Рубина', 'Приключения', 1954, 'Азбука', 'Это книга'),
('J1947121', 'Константин Паустовский', 'Поэзия', 1853, 'Эксмо', 'Это книга'),
('V9808640', 'Константин Паустовский', 'Мистика', 1901, 'Махаон', 'Это книга'),
('X7903774', 'Илья Ильф', 'Фантастика', 1950, 'АСТ', 'Это книга'),
('M7321264', 'Федор Достоевский', 'Приключения', 1856, 'Махаон', 'Это книга'),
('E0342665', 'Григорий Данилевский', 'Драма', 1728, 'Росмэн', 'Это книга'),
('O9150853', 'Федор Достоевский', 'Фэнтези', 1994, 'Азбука', 'Это книга'),
('T1750139', 'Алексей Толстой', 'Мистика', 1864, 'Питер', 'Это книга'),
('D2035454', 'Александр Куприн', 'Научная литература', 1937, 'Просвещение', 'Это книга'),
('W8766454', 'Алексей Толстой', 'Роман', 1719, 'АСТ', 'Это книга'),
('R9406192', 'Сергей Лукьяненко', 'Драма', 1825, 'Эксмо', 'Это книга'),
('B8483510', 'Алексей Толстой', 'Драма', 1859, 'Махаон', 'Это книга'),
('X9726712', 'Иван Тургенев', 'Научная литература', 1975, 'Лабиринт', 'Это книга'),
('E6180754', 'Федор Достоевский', 'Мистика', 1852, 'АСТ', 'Это книга'),
('B5645835', 'Дмитрий Глуховский', 'Роман', 1765, 'Эксмо', 'Это книга'),
('S6901503', 'Лев Толстой', 'Роман', 1725, 'Эксмо', 'Это книга'),
('Z2164792', 'Чингиз Айтматов', 'Фэнтези', 1748, 'Азбука', 'Это книга'),
('L1853038', 'Владимир Набоков', 'Роман', 1705, 'Просвещение', 'Это книга'),
('U6533368', 'Валентин Распутин', 'Детектив', 1897, 'Альпина Паблишер', 'Это книга'),
('I3808111', 'Валентин Распутин', 'История', 1913, 'Эксмо', 'Это книга'),
('H1708711', 'Виктор Пелевин', 'Поэзия', 1912, 'Росмэн', 'Это книга'),
('Y9150592', 'Дина Рубина', 'Драма', 1898, 'АСТ', 'Это книга'),
('J7779812', 'Александр Грин', 'Детектив', 1891, 'Махаон', 'Это книга'),
('H3250966', 'Федор Достоевский', 'История', 1955, 'Эксмо', 'Это книга'),
('J2751536', 'Александр Грин', 'Мистика', 1731, 'Просвещение', 'Это книга'),
('Z9648933', 'Валентин Распутин', 'Фэнтези', 1858, 'Эксмо', 'Это книга'),
('O6158284', 'Александр Куприн', 'Драма', 1876, 'Росмэн', 'Это книга'),
('S3319842', 'Дина Рубина', 'Мистика', 1907, 'Альпина Паблишер', 'Это книга'),
('P9903525', 'Аркадий Стругацкий', 'Мистика', 1782, 'Эксмо', 'Это книга'),
('L1471443', 'Михаил Булгаков', 'Приключения', 1888, 'Альпина Паблишер', 'Это книга'),
('U1064875', 'Дина Рубина', 'Приключения', 1805, 'Росмэн', 'Это книга'),
('J2572811', 'Василий Шукшин', 'Детектив', 1883, 'Наука', 'Это книга'),
('Z7274387', 'Лев Толстой', 'Поэзия', 1718, 'Азбука', 'Это книга'),
('S4859233', 'Марина Степнова', 'Детектив', 1898, 'Наука', 'Это книга'),
('X7755282', 'Евгений Замятин', 'Научная литература', 1783, 'Питер', 'Это книга'),
('Y8781821', 'Александр Грин', 'Драма', 1712, 'Питер', 'Это книга'),
('N8484381', 'Илья Ильф', 'Мистика', 1871, 'Наука', 'Это книга'),
('Z0449252', 'Борис Акунин', 'Приключения', 1965, 'АСТ', 'Это книга'),
('V0357857', 'Евгений Замятин', 'Мистика', 1869, 'АСТ', 'Это книга'),
('Z2981620', 'Чингиз Айтматов', 'История', 1765, 'Махаон', 'Это книга'),
('A7635970', 'Борис Стругацкий', 'Драма', 1741, 'Азбука', 'Это книга'),
('F5607612', 'Чингиз Айтматов', 'Приключения', 1924, 'Махаон', 'Это книга'),
('I8512328', 'Аркадий Стругацкий', 'Драма', 1878, 'Лабиринт', 'Это книга'),
('Z1643138', 'Владимир Набоков', 'Научная литература', 1871, 'Росмэн', 'Это книга'),
('M6221413', 'Чингиз Айтматов', 'Фантастика', 1839, 'Лабиринт', 'Это книга'),
('S6753260', 'Григорий Данилевский', 'Приключения', 1809, 'Азбука', 'Это книга'),
('Z3131101', 'Борис Акунин', 'Драма', 1900, 'Питер', 'Это книга'),
('L0903725', 'Андрей Платонов', 'Научная литература', 1964, 'Альпина Паблишер', 'Это книга'),
('B2498167', 'Михаил Булгаков', 'История', 1743, 'Наука', 'Это книга'),
('U1050282', 'Михаил Булгаков', 'Приключения', 1839, 'АСТ', 'Это книга'),
('W4846522', 'Чингиз Айтматов', 'Детектив', 1802, 'Махаон', 'Это книга'),
('L6844282', 'Дина Рубина', 'Фэнтези', 1906, 'Наука', 'Это книга'),
('W2373134', 'Василий Шукшин', 'История', 1786, 'Наука', 'Это книга'),
('I3873005', 'Федор Достоевский', 'Поэзия', 1737, 'Махаон', 'Это книга'),
('C9516671', 'Виктор Астафьев', 'Приключения', 1746, 'Альпина Паблишер', 'Это книга'),
('D6180346', 'Дина Рубина', 'Фэнтези', 1772, 'Лабиринт', 'Это книга'),
('K3037377', 'Виктор Астафьев', 'Поэзия', 1812, 'Альпина Паблишер', 'Это книга'),
('V9725697', 'Константин Паустовский', 'Детектив', 1904, 'Махаон', 'Это книга'),
('S6654804', 'Федор Достоевский', 'Роман', 1833, 'Азбука', 'Это книга'),
('I4751222', 'Григорий Данилевский', 'Фантастика', 1761, 'АСТ', 'Это книга'),
('I2390017', 'Андрей Платонов', 'История', 1883, 'АСТ', 'Это книга'),
('F1092751', 'Федор Достоевский', 'Драма', 1798, 'Махаон', 'Это книга'),
('J3163219', 'Владимир Набоков', 'Научная литература', 1956, 'Лабиринт', 'Это книга'),
('A6978348', 'Валентин Распутин', 'Роман', 1846, 'Наука', 'Это книга'),
('S7324480', 'Александр Куприн', 'Поэзия', 1972, 'АСТ', 'Это книга'),
('A0115351', 'Михаил Булгаков', 'Поэзия', 1942, 'Альпина Паблишер', 'Это книга'),
('G0382507', 'Евгений Замятин', 'Детектив', 1906, 'Альпина Паблишер', 'Это книга'),
('L4949345', 'Андрей Платонов', 'Детектив', 1998, 'Махаон', 'Это книга'),
('I8025687', 'Виктор Пелевин', 'История', 1842, 'Махаон', 'Это книга'),
('L0985792', 'Виктор Астафьев', 'Фантастика', 1985, 'Лабиринт', 'Это книга'),
('T4053234', 'Аркадий Стругацкий', 'Фэнтези', 1904, 'Просвещение', 'Это книга'),
('M6104186', 'Валентин Распутин', 'Поэзия', 1877, 'Просвещение', 'Это книга'),
('Y5386273', 'Андрей Платонов', 'Мистика', 1870, 'АСТ', 'Это книга'),
('I7165710', 'Борис Акунин', 'Мистика', 1927, 'Эксмо', 'Это книга'),
('B6413834', 'Василий Шукшин', 'История', 1893, 'Лабиринт', 'Это книга'),
('W2800087', 'Юрий Бондарев', 'Драма', 1791, 'Наука', 'Это книга'),
('S6970907', 'Аркадий Стругацкий', 'Научная литература', 1799, 'Просвещение', 'Это книга'),
('Z0978766', 'Юрий Бондарев', 'Детектив', 1849, 'Альпина Паблишер', 'Это книга'),
('P6672266', 'Валентин Распутин', 'Научная литература', 1843, 'Эксмо', 'Это книга'),
('F7188080', 'Виктор Пелевин', 'Научная литература', 1987, 'Росмэн', 'Это книга'),
('F7626053', 'Михаил Булгаков', 'Поэзия', 1942, 'Росмэн', 'Это книга'),
('E3807139', 'Борис Акунин', 'Фэнтези', 1701, 'Питер', 'Это книга'),
('F1069692', 'Виктор Астафьев', 'Поэзия', 1759, 'Питер', 'Это книга'),
('G0588331', 'Борис Акунин', 'Научная литература', 1700, 'Эксмо', 'Это книга'),
('L6171936', 'Виктор Пелевин', 'Фэнтези', 1804, 'Наука', 'Это книга'),
('Z8682831', 'Николай Гоголь', 'История', 1731, 'Азбука', 'Это книга'),
('L9328462', 'Виктор Астафьев', 'Фантастика', 1758, 'Питер', 'Это книга'),
('S8739790', 'Александр Грин', 'Приключения', 1810, 'Питер', 'Это книга'),
('B1344913', 'Михаил Булгаков', 'Роман', 1874, 'Росмэн', 'Это книга'),
('W7006182', 'Антон Чехов', 'Фэнтези', 1990, 'Лабиринт', 'Это книга'),
('S6849186', 'Константин Паустовский', 'История', 1812, 'Лабиринт', 'Это книга'),
('V8050871', 'Антон Чехов', 'Поэзия', 1931, 'Питер', 'Это книга'),
('R6592296', 'Аркадий Стругацкий', 'Мистика', 1974, 'Просвещение', 'Это книга'),
('R5039078', 'Сергей Лукьяненко', 'Фэнтези', 1922, 'Азбука', 'Это книга'),
('W4333221', 'Марина Степнова', 'Роман', 1707, 'Питер', 'Это книга'),
('A4832318', 'Александр Куприн', 'Фэнтези', 1932, 'Просвещение', 'Это книга'),
('C3983014', 'Виктор Астафьев', 'Детектив', 1741, 'Эксмо', 'Это книга'),
('H8830890', 'Александр Пушкин', 'Детектив', 1747, 'Питер', 'Это книга'),
('W7356278', 'Лев Толстой', 'Фантастика', 1703, 'Эксмо', 'Это книга'),
('A2826340', 'Евгений Замятин', 'Фантастика', 1976, 'Махаон', 'Это книга'),
('G1216807', 'Михаил Булгаков', 'История', 1973, 'Азбука', 'Это книга'),
('Q3493163', 'Марина Степнова', 'Мистика', 1853, 'Азбука', 'Это книга'),
('U0316569', 'Чингиз Айтматов', 'Фантастика', 1792, 'Махаон', 'Это книга'),
('D8829628', 'Борис Акунин', 'Роман', 1730, 'Эксмо', 'Это книга'),
('Q9624430', 'Чингиз Айтматов', 'Приключения', 1739, 'Просвещение', 'Это книга'),
('H5760836', 'Дмитрий Глуховский', 'Научная литература', 1703, 'АСТ', 'Это книга'),
('P0125955', 'Лев Толстой', 'Мистика', 1775, 'Азбука', 'Это книга'),
('F0721188', 'Аркадий Стругацкий', 'Драма', 1836, 'Азбука', 'Это книга'),
('O5312553', 'Лев Толстой', 'Детектив', 1989, 'Росмэн', 'Это книга'),
('H7679424', 'Марина Степнова', 'Поэзия', 1952, 'Лабиринт', 'Это книга'),
('T5881592', 'Александр Пушкин', 'История', 1700, 'Махаон', 'Это книга'),
('L8206238', 'Федор Достоевский', 'Детектив', 1968, 'АСТ', 'Это книга'),
('J2925014', 'Марина Степнова', 'Мистика', 1808, 'Наука', 'Это книга'),
('R2222572', 'Виктор Астафьев', 'Фэнтези', 1893, 'Махаон', 'Это книга'),
('R2042203', 'Борис Акунин', 'Мистика', 1982, 'Росмэн', 'Это книга'),
('P5266267', 'Антон Чехов', 'Детектив', 1975, 'Питер', 'Это книга'),
('H1977678', 'Александр Куприн', 'Научная литература', 1974, 'Эксмо', 'Это книга'),
('V4326611', 'Лев Толстой', 'Роман', 1913, 'Альпина Паблишер', 'Это книга'),
('D5384645', 'Владимир Набоков', 'Фэнтези', 1947, 'Питер', 'Это книга'),
('T8177554', 'Иван Тургенев', 'Фантастика', 1889, 'Альпина Паблишер', 'Это книга'),
('F5896444', 'Алексей Толстой', 'Мистика', 1749, 'Наука', 'Это книга'),
('I8300558', 'Антон Чехов', 'Приключения', 1941, 'Наука', 'Это книга'),
('L3289967', 'Дмитрий Глуховский', 'Детектив', 1878, 'Махаон', 'Это книга'),
('B3480967', 'Алексей Толстой', 'Поэзия', 1854, 'Питер', 'Это книга'),
('Y2226555', 'Владимир Набоков', 'Фантастика', 1947, 'Лабиринт', 'Это книга'),
('G1618577', 'Дина Рубина', 'Драма', 1854, 'Росмэн', 'Это книга'),
('J2358402', 'Александр Куприн', 'Фантастика', 1922, 'Азбука', 'Это книга'),
('J0594633', 'Виктор Астафьев', 'История', 1759, 'Махаон', 'Это книга'),
('G8771088', 'Алексей Иванов', 'История', 1843, 'Наука', 'Это книга'),
('Z7821897', 'Виктор Пелевин', 'История', 1920, 'Питер', 'Это книга'),
('H8119600', 'Антон Чехов', 'Поэзия', 1734, 'Лабиринт', 'Это книга'),
('A4839949', 'Владимир Набоков', 'Приключения', 1832, 'Просвещение', 'Это книга'),
('F8316365', 'Дина Рубина', 'История', 1795, 'Питер', 'Это книга'),
('B2945833', 'Николай Гоголь', 'Мистика', 1876, 'Просвещение', 'Это книга'),
('H6722794', 'Александр Куприн', 'Роман', 1859, 'Наука', 'Это книга'),
('O2890946', 'Василий Шукшин', 'Фэнтези', 1852, 'Лабиринт', 'Это книга'),
('K4785564', 'Григорий Данилевский', 'История', 1816, 'Просвещение', 'Это книга'),
('D7553608', 'Евгений Замятин', 'Фэнтези', 1992, 'Просвещение', 'Это книга'),
('V8406198', 'Дмитрий Глуховский', 'Научная литература', 1805, 'Питер', 'Это книга'),
('L7122129', 'Дмитрий Глуховский', 'История', 1913, 'Питер', 'Это книга'),
('Y5807278', 'Евгений Замятин', 'Фэнтези', 1704, 'Просвещение', 'Это книга'),
('R1687102', 'Иван Тургенев', 'История', 1755, 'Альпина Паблишер', 'Это книга'),
('Z1693375', 'Аркадий Стругацкий', 'Фэнтези', 1770, 'Махаон', 'Это книга'),
('V9276167', 'Виктор Астафьев', 'История', 1984, 'Азбука', 'Это книга'),
('A3355549', 'Борис Стругацкий', 'Роман', 1753, 'Наука', 'Это книга'),
('P1106964', 'Иван Тургенев', 'Мистика', 1759, 'Просвещение', 'Это книга'),
('Q8663247', 'Валентин Распутин', 'Мистика', 1865, 'Альпина Паблишер', 'Это книга'),
('W4880934', 'Алексей Иванов', 'Роман', 1724, 'Росмэн', 'Это книга'),
('E7675990', 'Аркадий Стругацкий', 'Приключения', 1773, 'Питер', 'Это книга'),
('Y7642940', 'Виктор Астафьев', 'Драма', 1974, 'Просвещение', 'Это книга'),
('C3199447', 'Борис Стругацкий', 'Поэзия', 1709, 'Азбука', 'Это книга'),
('A7545698', 'Владимир Набоков', 'Детектив', 1964, 'Альпина Паблишер', 'Это книга'),
('S0602096', 'Марина Степнова', 'История', 1902, 'Эксмо', 'Это книга'),
('C5354573', 'Борис Акунин', 'Мистика', 1971, 'Лабиринт', 'Это книга'),
('Z1743404', 'Илья Ильф', 'История', 1751, 'Наука', 'Это книга'),
('C2594084', 'Борис Стругацкий', 'Роман', 1954, 'Азбука', 'Это книга'),
('F7320766', 'Лев Толстой', 'Драма', 1741, 'Лабиринт', 'Это книга'),
('O5673536', 'Чингиз Айтматов', 'История', 1723, 'Питер', 'Это книга'),
('K8462357', 'Виктор Пелевин', 'Поэзия', 1852, 'Просвещение', 'Это книга'),
('P1984334', 'Илья Ильф', 'Приключения', 1774, 'Махаон', 'Это книга'),
('U5561496', 'Аркадий Стругацкий', 'Научная литература', 1749, 'Лабиринт', 'Это книга'),
('K1967325', 'Василий Шукшин', 'Мистика', 1905, 'Наука', 'Это книга'),
('K9584603', 'Антон Чехов', 'Детектив', 1823, 'Росмэн', 'Это книга'),
('V0904630', 'Алексей Толстой', 'Фантастика', 1999, 'Лабиринт', 'Это книга'),
('Z1962563', 'Дина Рубина', 'Роман', 1780, 'Просвещение', 'Это книга'),
('Q3720361', 'Дина Рубина', 'Научная литература', 1872, 'Просвещение', 'Это книга'),
('F6329351', 'Михаил Булгаков', 'Фэнтези', 1849, 'Азбука', 'Это книга'),
('P3007800', 'Юрий Бондарев', 'Детектив', 1710, 'Махаон', 'Это книга'),
('C6290009', 'Василий Шукшин', 'Поэзия', 1804, 'Наука', 'Это книга'),
('P5286608', 'Илья Ильф', 'Фэнтези', 1839, 'Наука', 'Это книга'),
('I5291595', 'Федор Достоевский', 'Роман', 1728, 'Альпина Паблишер', 'Это книга'),
('B7841572', 'Александр Куприн', 'Поэзия', 1762, 'Просвещение', 'Это книга'),
('F5845044', 'Андрей Платонов', 'Драма', 1890, 'Росмэн', 'Это книга'),
('A7836535', 'Владимир Набоков', 'Научная литература', 1967, 'Альпина Паблишер', 'Это книга'),
('M2366521', 'Дмитрий Глуховский', 'Приключения', 1953, 'Росмэн', 'Это книга'),
('X2980972', 'Борис Стругацкий', 'Поэзия', 1915, 'Альпина Паблишер', 'Это книга'),
('V5909254', 'Чингиз Айтматов', 'Мистика', 1904, 'Азбука', 'Это книга'),
('J7826948', 'Александр Грин', 'Поэзия', 1723, 'Питер', 'Это книга'),
('E7699772', 'Дмитрий Глуховский', 'Фэнтези', 1947, 'Просвещение', 'Это книга'),
('A2400132', 'Алексей Толстой', 'Драма', 1823, 'Азбука', 'Это книга'),
('Q1267471', 'Дмитрий Глуховский', 'Роман', 1957, 'Лабиринт', 'Это книга'),
('B1371463', 'Василий Шукшин', 'Роман', 1948, 'Просвещение', 'Это книга'),
('Q8310736', 'Михаил Булгаков', 'Научная литература', 1857, 'АСТ', 'Это книга'),
('M6008215', 'Михаил Булгаков', 'Фэнтези', 1905, 'Наука', 'Это книга'),
('E5144175', 'Антон Чехов', 'Научная литература', 1871, 'Азбука', 'Это книга'),
('N9229100', 'Юрий Бондарев', 'Детектив', 1952, 'АСТ', 'Это книга'),
('W5132241', 'Дина Рубина', 'Детектив', 1718, 'АСТ', 'Это книга'),
('Z4668494', 'Андрей Платонов', 'История', 1750, 'Эксмо', 'Это книга'),
('P8556464', 'Константин Паустовский', 'Роман', 1713, 'Эксмо', 'Это книга'),
('I9538984', 'Дмитрий Глуховский', 'Приключения', 1767, 'Питер', 'Это книга'),
('U4614797', 'Антон Чехов', 'Фэнтези', 1873, 'Наука', 'Это книга'),
('D6554584', 'Сергей Лукьяненко', 'История', 1883, 'Наука', 'Это книга'),
('F9154007', 'Василий Шукшин', 'Поэзия', 1899, 'Лабиринт', 'Это книга'),
('Q9544203', 'Аркадий Стругацкий', 'Приключения', 1889, 'Азбука', 'Это книга'),
('D0092807', 'Лев Толстой', 'Фэнтези', 1729, 'Росмэн', 'Это книга'),
('R1733980', 'Илья Ильф', 'Фэнтези', 1909, 'Просвещение', 'Это книга');

INSERT INTO mainlib.lending_books
VALUES
('F7188080', '1996-12-12', '1996-12-30', 90),
('Y8781821', '2007-10-15', '2007-10-19', 85),
('L1471443', '1986-12-03', '1986-12-31', 90),
('J7779812', '1999-02-19', '1999-03-10', 26),
('Z1693375', '1994-02-07', '1994-02-16', 141),
('O5312553', '2022-12-28', '2022-12-31', 65),
('K8462357', '2016-06-12', '2016-06-19', 5),
('P1984334', '1987-09-30', '1987-10-07', 98),
('M2366521', '2014-10-12', '2014-10-27', 149),
('B2498167', '2017-07-31', '2017-08-19', 153),
('Z0978766', '1994-02-05', '1994-02-19', 142),
('Z9648933', '2002-09-17', '2002-09-23', 5),
('J2572811', '1990-01-02', '1990-01-19', 152),
('O5312553', '1992-01-13', '1992-02-02', 133),
('I5291595', '1993-10-06', '1993-11-04', 39),
('Q3493163', '2023-04-04', '2023-04-18', 88),
('S6901503', '1987-12-22', '1988-01-11', 67),
('Z9648933', '1988-11-25', '1988-12-03', 132),
('R1733980', '2003-12-06', '2003-12-10', 97),
('L0903725', '1993-03-27', '1993-04-05', 135),
('Q1267471', '2007-01-12', '2007-01-12', 148),
('J2572811', '1990-08-22', '1990-08-29', 42),
('Q1267471', '2020-01-09', '2020-01-20', 138),
('U1064875', '1985-11-03', '1985-11-20', 50),
('K9584603', '2016-01-22', '2016-02-09', 67),
('B2945833', '1983-04-08', '1983-04-08', 122),
('A7271521', '2018-03-01', '2018-03-06', 35),
('Q9544203', '2023-03-14', '2023-04-11', 71),
('C6290009', '1984-03-09', '1984-03-23', 23),
('H1977678', '2021-06-09', '2021-06-18', 41),
('R9406192', '2012-06-22', '2012-07-13', 119),
('F1069692', '2008-07-13', '2008-07-30', 138),
('L1471443', '2011-07-10', '2011-07-22', 99),
('F7626053', '1990-08-15', '1990-09-12', 109),
('I3808111', '1983-12-31', '1984-01-01', 14),
('F7626053', '2003-12-17', '2004-01-11', 57),
('A0497511', '1983-12-17', '1983-12-18', 79),
('O6158284', '2006-02-02', '2006-02-17', 91),
('P9903525', '1981-08-19', '1981-09-08', 33),
('Z2164792', '1993-08-02', '1993-08-02', 9),
('S6901503', '2013-12-26', '2013-12-29', 146),
('H5760836', '1981-10-21', '1981-10-22', 151),
('D6180346', '1999-02-17', '1999-03-12', 127),
('I2390017', '1980-09-08', '1980-09-30', 85),
('Q8310736', '2003-05-03', '2003-05-17', 101),
('Q1267471', '2006-02-14', '2006-02-28', 31),
('N8484381', '2020-08-21', '2020-08-30', 115),
('Y8781821', '2014-07-10', '2014-07-18', 36),
('J7779812', '1980-11-18', '1980-11-27', 144),
('I3808111', '2019-06-29', '2019-07-04', 103),
('V9276167', '1990-10-25', '1990-10-26', 77),
('S6970907', '1981-10-31', '1981-11-09', 28),
('T4053234', '1989-12-31', '1989-12-31', 70),
('A7271521', '2013-06-23', '2013-06-26', 116),
('D5384645', '1996-07-09', '1996-08-07', 8),
('E0342665', '2008-03-21', '2008-04-18', 148),
('G0382507', '2016-12-25', '2017-01-11', 31),
('H5760836', '2013-09-26', '2013-10-21', 112),
('I9538984', '2016-09-27', '2016-09-30', 63),
('P5286608', '1995-11-19', '1995-12-04', 139),
('S6753260', '1995-10-14', '1995-10-18', 74),
('V8406198', '1990-02-28', '1990-03-04', 61),
('Z1693375', '1982-07-10', '1982-07-23', 33),
('P1984334', '2011-03-25', '2011-04-01', 82),
('E7699772', '1993-03-27', '1993-04-16', 109),
('R1733980', '1999-11-01', '1999-11-18', 126),
('L6171936', '1980-07-20', '1980-07-30', 77),
('T5881592', '1987-12-15', '1987-12-17', 8),
('V8406198', '2002-03-12', '2002-03-18', 70),
('U5561496', '1998-10-06', '1998-10-27', 83),
('A0497511', '2014-09-07', '2014-09-11', 23),
('B7841572', '1984-09-09', '1984-09-11', 148),
('G0588331', '1998-01-15', '1998-01-24', 17),
('I8025687', '2018-01-10', '2018-01-19', 70),
('P6672266', '1990-04-03', '1990-04-03', 78),
('I7165710', '2019-12-19', '2019-12-25', 58),
('Z7821897', '1982-03-04', '1982-03-04', 134),
('A0497511', '2014-07-06', '2014-07-31', 65),
('Z3131101', '2014-06-22', '2014-06-23', 137),
('R2222572', '1991-09-21', '1991-10-17', 53),
('X2980972', '1997-06-26', '1997-06-26', 22),
('F8316365', '2011-11-18', '2011-11-18', 62),
('Z1643138', '2010-12-29', '2011-01-07', 125),
('W2800087', '2019-04-07', '2019-05-04', 112),
('G8771088', '1992-01-08', '1992-01-13', 120),
('I3873005', '1988-01-12', '1988-02-08', 68),
('S7324480', '2010-03-22', '2010-03-29', 148),
('V0357857', '2004-07-27', '2004-08-08', 119),
('Y5386273', '2010-12-15', '2010-12-25', 77),
('Z9648933', '1986-07-28', '1986-08-09', 153),
('Y9150592', '2023-07-08', '2023-07-31', 48),
('L0903725', '1980-10-13', '1980-10-30', 98),
('K8462357', '2009-05-11', '2009-06-09', 132),
('C6290009', '2011-03-08', '2011-03-08', 118),
('D7553608', '1998-11-21', '1998-11-21', 108),
('J2572811', '1998-02-18', '1998-02-18', 61),
('S0602096', '2008-08-26', '2008-08-28', 36),
('Y9150592', '1992-02-09', '1992-02-25', 116),
('Y5386273', '1999-01-04', '1999-01-16', 88),
('S6901503', '2023-04-28', '2023-05-27', 38),
('V4326611', '2010-01-15', '2010-02-10', 59),
('M7321264', '1997-03-23', '1997-03-28', 30),
('S4859233', '1981-09-08', '1981-10-03', 57),
('J0594633', '1982-07-10', '1982-08-07', 89),
('U1050282', '2015-12-06', '2015-12-27', 102),
('S7324480', '1984-04-20', '1984-04-29', 80),
('G8771088', '1995-08-27', '1995-09-08', 72),
('I8025687', '2006-11-20', '2006-12-14', 21),
('J2358402', '2007-10-16', '2007-10-21', 18),
('F7188080', '2016-08-16', '2016-09-03', 120),
('I8025687', '2022-08-05', '2022-08-18', 144),
('Q3720361', '2005-08-21', '2005-08-28', 119),
('F5896444', '1986-03-21', '1986-03-31', 128),
('L3289967', '2017-07-04', '2017-07-04', 135),
('F6329351', '2024-10-07', '2024-10-07', 23),
('M6008215', '2023-12-29', '2024-01-05', 1),
('H1708711', '2002-07-27', '2002-08-12', 45),
('P6672266', '2014-01-18', '2014-01-20', 39),
('A7271521', '2019-06-16', '2019-06-26', 22),
('J7779812', '2021-01-01', '2021-01-21', 91),
('R2042203', '1987-03-15', '1987-03-20', 50),
('T4053234', '1990-05-10', '1990-06-05', 112),
('U1064875', '2024-10-04', '2024-10-06', 17),
('R2222572', '1998-02-10', '1998-03-05', 1),
('F7626053', '1994-06-05', '1994-07-05', 114),
('U0316569', '2021-09-13', '2021-09-21', 90),
('S4859233', '2006-04-20', '2006-05-05', 82),
('C2594084', '2001-08-13', '2001-09-01', 55),
('B5645835', '2019-04-03', '2019-04-23', 42),
('A2400132', '2014-05-14', '2014-06-05', 48),
('I7165710', '2009-03-28', '2009-04-23', 27),
('T8177554', '1994-07-21', '1994-08-06', 140),
('S8739790', '1996-12-19', '1997-01-14', 86),
('T5881592', '1998-02-23', '1998-03-21', 36),
('A0115351', '1997-12-01', '1997-12-05', 124),
('Z1643138', '2022-01-29', '2022-02-21', 3),
('C3983014', '2022-02-03', '2022-02-27', 64),
('G8771088', '2007-01-25', '2007-02-14', 11),
('J2358402', '1983-03-21', '1983-03-24', 151),
('R5039078', '1993-07-04', '1993-07-18', 104),
('A7545698', '1996-01-19', '1996-02-17', 91),
('K9584603', '2003-04-19', '2003-05-18', 96),
('S7324480', '2006-02-27', '2006-03-04', 65),
('P0125955', '2005-03-17', '2005-03-24', 45),
('L0903725', '1990-12-15', '1990-12-31', 63),
('T4053234', '1990-08-16', '1990-08-30', 113),
('I8300558', '1995-09-27', '1995-10-04', 120),
('B1344913', '1983-01-30', '1983-02-24', 95),
('F7320766', '2011-06-10', '2011-06-11', 25),
('Y7642940', '1992-07-27', '1992-08-18', 45),
('Q8663247', '1985-07-25', '1985-08-19', 149),
('Z4668494', '2009-09-29', '2009-09-29', 114),
('L9328462', '2019-12-31', '2020-01-15', 150),
('U5561496', '2001-05-28', '2001-06-23', 55),
('C3199447', '2023-11-30', '2023-12-10', 58),
('E7699772', '2001-02-27', '2001-03-02', 128),
('G1216807', '1988-08-20', '1988-08-24', 106),
('C6290009', '2008-01-01', '2008-01-08', 148),
('F7320766', '2007-02-08', '2007-02-21', 101),
('N8484381', '1994-01-13', '1994-02-12', 67),
('X7755282', '1995-02-21', '1995-03-11', 16),
('A7836535', '2024-07-18', '2024-08-03', 24),
('Y9150592', '1999-05-28', '1999-06-11', 88),
('S6849186', '1986-06-23', '1986-06-29', 141),
('B7841572', '2004-10-09', '2004-10-10', 14),
('L8206238', '1982-07-09', '1982-07-14', 120),
('F8316365', '2005-08-19', '2005-09-05', 121),
('A7271521', '2010-03-07', '2010-03-07', 141),
('R2042203', '2014-09-14', '2014-10-02', 38),
('S6753260', '2024-10-23', '2024-11-19', 111),
('W4333221', '1988-05-31', '1988-06-18', 136),
('M7902697', '1999-10-17', '1999-10-18', 135),
('H1977678', '1987-04-16', '1987-04-20', 85),
('A0115351', '2017-03-24', '2017-04-21', 38),
('Q3720361', '1994-07-20', '1994-08-08', 3),
('X7903774', '2000-10-22', '2000-11-19', 36),
('J2925014', '2016-09-13', '2016-10-12', 29),
('E7675990', '1991-08-03', '1991-08-09', 28),
('H7679424', '1981-10-04', '1981-11-01', 45),
('S6901503', '1998-04-06', '1998-04-23', 42),
('Q8310736', '2024-06-08', '2024-06-30', 27),
('Z1962563', '2017-10-21', '2017-11-01', 12),
('W2800087', '1995-04-03', '1995-04-30', 120),
('I8512328', '1999-05-02', '1999-05-20', 119),
('R9406192', '1983-06-21', '1983-07-16', 45),
('P8556464', '2003-11-16', '2003-12-14', 26),
('Z7821897', '2013-06-08', '2013-06-15', 59),
('C9516671', '1988-03-20', '1988-04-05', 103),
('K9584603', '2007-09-12', '2007-10-08', 18),
('Z2981620', '2000-07-23', '2000-08-02', 136),
('S6753260', '1996-08-28', '1996-08-31', 152),
('V0904630', '2006-10-29', '2006-11-07', 41),
('E7699772', '1986-01-09', '1986-02-04', 86),
('Y8781821', '2016-10-28', '2016-11-27', 21),
('E3807139', '2012-07-01', '2012-07-14', 143),
('O5312553', '2024-05-16', '2024-06-03', 24),
('G0588331', '2014-10-05', '2014-10-28', 48),
('G1618577', '2022-07-15', '2022-08-04', 84),
('Y7642940', '2007-03-13', '2007-04-11', 24),
('S7324480', '2005-05-11', '2005-05-28', 101),
('A3355549', '1992-02-29', '1992-03-17', 111),
('V8406198', '1996-08-24', '1996-09-13', 12),
('I8025687', '2014-08-30', '2014-08-30', 19),
('F7188080', '1980-10-14', '1980-11-10', 52),
('A7271521', '2019-10-28', '2019-11-25', 16),
('V5909254', '2011-03-07', '2011-03-11', 110),
('V9808640', '2014-05-30', '2014-06-22', 94),
('J3163219', '2013-01-10', '2013-01-25', 71),
('U4614797', '2002-04-10', '2002-04-17', 153),
('Z0449252', '1980-11-30', '1980-12-27', 25),
('W5132241', '2007-09-18', '2007-10-07', 13),
('I2390017', '1987-12-09', '1987-12-18', 138),
('M7321264', '1998-02-03', '1998-02-16', 39),
('I3808111', '2013-10-30', '2013-11-20', 108),
('Z2164792', '1987-09-02', '1987-09-22', 47),
('I8300558', '1987-04-10', '1987-05-04', 108),
('Z7821897', '2003-05-06', '2003-05-11', 113),
('L3289967', '1998-01-21', '1998-02-05', 89),
('T8828189', '1980-03-20', '1980-04-11', 72),
('Z4668494', '1996-10-07', '1996-10-16', 71),
('F0721188', '2009-09-13', '2009-09-19', 102),
('W2800087', '2011-03-25', '2011-04-09', 139),
('Y9150592', '2004-10-09', '2004-10-09', 140),
('X7903774', '1990-02-18', '1990-03-09', 145),
('I9538984', '1994-12-15', '1994-12-19', 93),
('Y5386273', '2009-11-18', '2009-12-08', 120),
('Z2164792', '2009-12-08', '2009-12-20', 20),
('B3480967', '2020-04-21', '2020-05-15', 13),
('F7320766', '2024-06-26', '2024-07-25', 56),
('V8050871', '1992-11-23', '1992-12-13', 125),
('I3808111', '1981-10-20', '1981-11-05', 95),
('V9808640', '2019-01-07', '2019-01-23', 3),
('A4839949', '1984-04-08', '1984-05-06', 41),
('L7122129', '2017-08-23', '2017-09-10', 138),
('Y7642940', '2020-12-10', '2020-12-14', 40),
('Y2226555', '2005-05-13', '2005-06-10', 85),
('Z7821897', '1982-01-25', '1982-02-24', 11),
('K1967325', '2011-05-07', '2011-05-13', 59),
('D7553608', '1987-08-20', '1987-08-30', 4),
('A2826340', '1983-12-20', '1984-01-09', 54),
('B2498167', '2008-06-09', '2008-06-09', 113),
('Q8663247', '2024-06-10', '2024-07-09', 114),
('J2572811', '2007-03-26', '2007-04-21', 43),
('F1069692', '2000-02-17', '2000-03-06', 130),
('T5881592', '2004-10-26', '2004-11-25', 66),
('E5144175', '2007-01-03', '2007-01-30', 61),
('E6180754', '1989-04-26', '1989-04-30', 138),
('V4326611', '1995-07-13', '1995-08-12', 95),
('U4614797', '2014-02-16', '2014-03-01', 103),
('X7903774', '2018-10-08', '2018-10-26', 48),
('F5607612', '2025-10-14', Null, 79),
('I3873005', '2025-10-18', Null, 73),
('K9584603', '2025-10-01', Null, 1),
('P5266267', '2025-10-16', Null, 107),
('B1344913', '2025-10-14', Null, 26),
('U1064875', '2025-10-20', Null, 122),
('Z1693375', '2025-10-25', Null, 59),
('W2373134', '2025-10-07', Null, 97),
('I8512328', '2025-10-26', Null, 58),
('L1471443', '2025-10-27', Null, 132),
('B1344913', '2025-10-01', Null, 42),
('Z2164792', '2025-10-14', Null, 12),
('H3250966', '2025-10-21', Null, 103),
('G1216807', '2025-10-07', Null, 114),
('L3289967', '2025-10-22', Null, 36),
('X7903774', '2025-10-26', Null, 151),
('H8830890', '2025-10-06', Null, 47),
('H1977678', '2025-10-25', Null, 81),
('M2366521', '2025-10-27', Null, 148),
('Z0449252', '2025-10-15', Null, 123),
('I8025687', '2025-10-17', Null, 8),
('C3983014', '2025-10-21', Null, 104),
('R2042203', '2025-10-27', Null, 127),
('H7679424', '2025-10-26', Null, 81),
('Z1643138', '2025-10-08', Null, 37),
('G8771088', '2025-10-02', Null, 135),
('V8406198', '2025-10-23', Null, 94),
('U4614797', '2025-10-07', Null, 12),
('Z1643138', '2025-10-21', Null, 53),
('L1853038', '2025-10-24', Null, 47);

INSERT INTO mainlib.reviews (id, cipher, reader_id, rating, review_date)
VALUES
(1, 'A7545698', 91, 2, '1996-02-21'),
(2, 'H5760836', 112, 4, '2013-10-24'),
(5, 'Y7642940', 24, 5, '2007-04-13'),
(6, 'H5760836', 151, 4, '1981-10-28'),
(7, 'E7699772', 86, 4, '1986-02-11'),
(8, 'O6158284', 91, 4, '2006-02-23'),
(9, 'K1967325', 59, 5, '2011-05-20'),
(10, 'I2390017', 85, 5, '1980-09-30'),
(11, 'G8771088', 72, 5, '1995-09-15'),
(12, 'R1733980', 97, 3, '2003-12-15'),
(13, 'S8739790', 86, 3, '1997-01-16'),
(14, 'F5896444', 128, 4, '1986-04-01'),
(15, 'Z2164792', 20, 5, '2009-12-22'),
(16, 'S6901503', 67, 2, '1988-01-14'),
(17, 'G0588331', 17, 2, '1998-01-25'),
(18, 'L8206238', 120, 3, '1982-07-18'),
(19, 'U1050282', 102, 2, '2016-01-03'),
(21, 'A0497511', 79, 5, '1983-12-18'),
(22, 'F7188080', 52, 5, '1980-11-16'),
(23, 'I2390017', 85, 1, '1980-09-30'),
(24, 'L1471443', 99, 5, '2011-07-29'),
(25, 'A0115351', 124, 5, '1997-12-12'),
(27, 'A4839949', 41, 2, '1984-05-07'),
(28, 'Z7821897', 59, 5, '2013-06-22'),
(29, 'F7626053', 114, 1, '1994-07-07'),
(30, 'C2594084', 55, 4, '2001-09-08'),
(31, 'O5312553', 24, 5, '2024-06-07'),
(32, 'L7122129', 138, 4, '2017-09-12'),
(34, 'R9406192', 119, 3, '2012-07-15'),
(35, 'Q1267471', 148, 3, '2007-01-16'),
(36, 'U1064875', 17, 4, '2024-10-08'),
(37, 'S6753260', 111, 5, '2024-11-19'),
(38, 'A0115351', 124, 1, '1997-12-06'),
(39, 'F7320766', 25, 1, '2011-06-11'),
(40, 'C6290009', 23, 5, '1984-03-25'),
(41, 'I2390017', 85, 3, '1980-09-30'),
(42, 'S6849186', 141, 3, '1986-07-03'),
(43, 'C6290009', 118, 1, '2011-03-10'),
(44, 'D7553608', 4, 5, '1987-08-31'),
(45, 'A7545698', 91, 1, '1996-02-20'),
(46, 'M7902697', 135, 3, '1999-10-23'),
(47, 'C6290009', 23, 3, '1984-03-27'),
(48, 'U4614797', 153, 4, '2002-04-17'),
(49, 'C6290009', 118, 1, '2011-03-13'),
(50, 'G8771088', 120, 2, '1992-01-17'),
(51, 'S6901503', 146, 1, '2014-01-04'),
(52, 'P6672266', 78, 2, '1990-04-06'),
(54, 'C6290009', 148, 4, '2008-01-14'),
(55, 'I8025687', 19, 1, '2014-08-30'),
(56, 'Y9150592', 88, 1, '1999-06-15'),
(57, 'N8484381', 115, 3, '2020-09-02'),
(59, 'T8177554', 140, 2, '1994-08-11'),
(60, 'R2222572', 53, 4, '1991-10-20'),
(61, 'T5881592', 36, 2, '1998-03-24'),
(62, 'L8206238', 120, 3, '1982-07-18'),
(63, 'U1050282', 102, 5, '2016-01-02'),
(64, 'U4614797', 103, 2, '2014-03-05'),
(65, 'J0594633', 89, 4, '1982-08-08'),
(66, 'E7699772', 128, 4, '2001-03-03'),
(68, 'F7626053', 57, 2, '2004-01-11'),
(69, 'S0602096', 36, 2, '2008-09-01'),
(70, 'R1733980', 97, 2, '2003-12-11'),
(71, 'U4614797', 153, 2, '2002-04-22'),
(72, 'G1216807', 106, 2, '1988-08-26'),
(73, 'Z7821897', 134, 1, '1982-03-04'),
(74, 'F7626053', 109, 4, '1990-09-12'),
(75, 'Y9150592', 140, 4, '2004-10-16'),
(76, 'N8484381', 67, 2, '1994-02-19'),
(77, 'A0497511', 23, 4, '2014-09-11'),
(78, 'Y9150592', 116, 5, '1992-02-26'),
(79, 'S6753260', 111, 3, '2024-11-22'),
(80, 'B1344913', 95, 4, '1983-02-27'),
(81, 'N8484381', 67, 3, '1994-02-16'),
(82, 'I2390017', 138, 3, '1987-12-24'),
(83, 'Y5386273', 88, 3, '1999-01-18'),
(84, 'C6290009', 148, 3, '2008-01-09'),
(87, 'G8771088', 11, 3, '2007-02-20'),
(88, 'B7841572', 148, 3, '1984-09-17'),
(89, 'Z2164792', 47, 1, '1987-09-27'),
(90, 'T4053234', 112, 5, '1990-06-12'),
(91, 'Q8310736', 27, 5, '2024-07-07'),
(92, 'R5039078', 104, 3, '1993-07-22'),
(93, 'Y5386273', 77, 1, '2010-12-25'),
(95, 'L9328462', 150, 1, '2020-01-22'),
(96, 'Y7642940', 40, 5, '2020-12-21'),
(97, 'M7321264', 30, 1, '1997-04-02'),
(98, 'F7320766', 25, 1, '2011-06-17'),
(99, 'J2925014', 29, 5, '2016-10-14'),
(100, 'O6158284', 91, 4, '2006-02-20'),
(101, 'I8025687', 21, 1, '2006-12-14'),
(102, 'H5760836', 112, 4, '2013-10-27'),
(103, 'A0497511', 79, 3, '1983-12-20'),
(104, 'I3808111', 108, 5, '2013-11-21'),
(105, 'J7779812', 144, 5, '1980-11-30'),
(106, 'T4053234', 70, 4, '1990-01-03'),
(107, 'L8206238', 120, 2, '1982-07-19'),
(108, 'C6290009', 148, 2, '2008-01-13'),
(109, 'B2945833', 122, 1, '1983-04-09'),
(110, 'F7188080', 120, 1, '2016-09-09');

INSERT INTO libwork.employees (id, name, hire_date, salary, branch)
VALUES
(1, 'Полищук Константин','1988-3-19', 30836, 'Читальный зал'),
(2, 'Бондаренко Татьяна','1970-9-19', 17681, 'Бухгалтерия'),
(3, 'Костюк Михаил','1977-9-28', 28477, 'Редакция'),
(4, 'Шаповал Юлия','2010-3-1', 20261, 'Редакция'),
(5, 'Кузьменко Анна','2008-2-24', 51314, 'Редакция'),
(6, 'Горбатюк Михаил','1978-9-23', 25408, 'Редакция'),
(7, 'Онищенко Павел','1971-3-20', 46198, 'Организация'),
(8, 'Шаповал Виктор','1988-4-23', 38314, 'Читальный зал'),
(9, 'Семенчук Лидия','1978-10-3', 21245, 'Организация'),
(10, 'Гаврилюк Роман','2010-9-28', 18213, 'Читальный зал'),
(11, 'Кравченко Сергей','1972-9-28', 36428, 'Бухгалтерия'),
(12, 'Лисенко Мария','2022-9-9', 59901, 'Читальный зал'),
(13, 'Семенчук Михаил','2017-12-17', 55774, 'Читальный зал'),
(14, 'Панасюк Лидия','1995-7-10', 56472, 'Редакция'),
(15, 'Зозуля Андрей','2012-4-22', 20654, 'Редакция'),
(16, 'Костюк Иван','1977-10-10', 19531, 'Бухгалтерия'),
(17, 'Киричук Георгий','1995-11-24', 36781, 'Читальный зал'),
(18, 'Бондарчук Алина','2011-3-15', 25164, 'Бухгалтерия'),
(19, 'Семенчук Иван','1998-1-16', 24586, 'Бухгалтерия'),
(20, 'Кузьменко София','2005-9-13', 15605, 'Бухгалтерия'),
(21, 'Горбатюк Степан','1978-3-10', 19645, 'Редакция'),
(22, 'Киричук Андрей','1990-11-9', 44557, 'Читальный зал'),
(23, 'Мельниченко Олег','1996-12-21', 15043, 'Бухгалтерия'),
(24, 'Гриценко Ирина','2009-11-7', 37947, 'Читальный зал'),
(25, 'Шевчук Николай','2001-8-14', 45126, 'Организация'),
(26, 'Левченко Дмитрий','2024-2-4', 56402, 'Организация'),
(27, 'Сердюк Вероника','2007-9-24', 36423, 'Бухгалтерия'),
(28, 'Онищенко Мария','1977-8-27', 55742, 'Редакция'),
(29, 'Ткачук Егор','1987-9-24', 40534, 'Организация'),
(30, 'Зозуля София','1979-4-18', 24004, 'Читальный зал'),
(31, 'Левченко Максим','1971-10-1', 27236, 'Организация'),
(32, 'Семенчук Алексей','2004-3-26', 56566, 'Бухгалтерия'),
(33, 'Мельниченко Андрей','1982-1-9', 46893, 'Читальный зал'),
(34, 'Кузьменко Георгий','1971-9-24', 27080, 'Организация'),
(35, 'Демчук Ольга','1980-8-16', 51450, 'Читальный зал'),
(36, 'Костюк Максим','1971-5-13', 31965, 'Организация'),
(37, 'Романюк Николай','1994-7-15', 17361, 'Бухгалтерия'),
(38, 'Киричук Полина','1987-5-4', 59355, 'Бухгалтерия'),
(39, 'Мельник Елена','1974-5-23', 28964, 'Бухгалтерия'),
(40, 'Дорошенко Юлия','2000-10-26', 57046, 'Редакция');

